,node_1,node_2,node_3,node_4
0,13.656604957053176,1.7150165335106784,12.036740689215684,2.4483286283990333
1,0.0,2.5914657980470817,10.202737208466674,4.397728595243011
2,15.204331479741988,3.0646183711066977,8.693886556855961,2.056970294428226
3,14.900743617686196,5.461776257456314,8.325705274260935,4.552388283254214
4,0.0,8.47639566957593,5.065679286389701,5.487296824396159
5,0.0,8.584926018047296,8.136887715835286,6.190247629292057
6,21.914761192214108,31.416476008704613,16.318875870531066,11.251180787934674
7,11.789668894566326,5.935849836153844,15.358396265012951,9.381306920559524
8,12.737901942933094,4.877572709284626,11.926945220215934,10.913550475114823
9,0.0,1.862272717521222,28.969647867406376,8.676148117866697
10,51.38193924588486,16.159794225754958,18.506266632300676,9.273892306869856
11,48.33375806286845,31.934584390813374,32.262087659436105,13.854786318005013
12,26.980920926836482,10.6326305081415,12.378476712881465,9.129984850586304
13,35.2903417254246,1.5984352303747187,13.493017365064013,10.973944961571164
14,20.293145739131912,1.930706627396365,13.634736953909522,9.967314851554008
15,0.0,16.50592787824701,15.286267092301184,10.024988237455375
16,18.752512231686982,20.919050054441307,15.773783661192134,13.153791981374182
17,0.0,18.51785121966234,25.998087581759528,13.071674822471866
18,36.97452650823708,3.344902927113057,16.116884609858438,11.330770217945572
19,16.92160032269694,12.321613230667197,15.503300319611338,9.803029030981152
20,10.116147128693935,11.166858091407281,16.3461059369029,9.153403375911692
21,2.377499107298515,10.968197370561116,12.253913132961703,8.856507220368481
22,27.1375456704972,13.100001445637329,6.790235132984858,4.637731792458758
23,8.960210836691811,7.341573292648094,7.260152193788514,4.263465033092295
24,0.0,0.0,7.561176714069022,2.906017261405146
25,0.0,4.717102539825264,8.753928219460944,3.967389979091653
26,11.83783257654499,2.43999336794353,6.530967682256461,1.7380849218282437
27,0.0,9.436750300961746,6.704339138525591,4.3568577611856645
28,4.915844416374592,11.010667475487471,11.878146623126637,5.4540198235910635
29,23.031665616089505,8.141226354897057,9.42403113210243,4.529273083479302
30,10.87718145979949,24.63302891219562,18.095781428879476,7.444124851360762
31,35.81535496104958,0.0,13.096773608892875,10.34517583544424
32,0.0,3.6024846725025226,6.468736515653008,13.15818251282087
33,15.06949861117688,0.7342405859447503,17.082152545560014,10.319983227146876
34,0.0,6.10190196844232,24.596630868862597,9.762723347780234
35,14.829007722983127,0.0,38.25947435184912,15.857478418807629
36,50.20924412372187,19.621811361772853,25.977058911046644,15.13440418009638
37,0.0,7.777773029012266,19.42232779960376,10.438765002727713
38,19.777008839315375,0.0,11.052747165697307,10.095960092165779
39,16.708675396383533,0.0,8.378719310973604,12.212577420119779
40,3.7312606911300072,15.762166169402343,9.23604462729375,13.029015452307872
41,0.0,22.057518814732575,16.431075793424753,15.685814380790381
42,19.55799736661958,29.967308916917865,29.493736555149887,10.366468874443813
43,6.562957484221869,39.1386246600733,13.564511932188315,7.551061936559
44,16.629748897133382,14.144094332759963,16.270107894571744,7.2636816015086705
45,13.340893470165708,0.09415691971322282,9.478584005460597,11.97167027801625
46,32.14348136543609,0.0,14.074190942485005,9.413132009096616
47,7.84050571735608,7.606268774063015,12.27033818814935,5.784576944060879
48,5.401752146368147,4.614346311011778,7.369417665497235,3.2829231135270835
49,27.537331506906426,9.349592429770976,9.717212337242328,4.810172654255863
50,0.0,1.6909886415001991,3.7814518607440855,2.0621717310673864
51,0.0,1.2162295533171879,3.91920498467892,4.2814051267193625
52,15.947929382641679,4.656847098717003,14.748967202476404,6.063786417093441
53,4.738264673116433,7.45498074762733,5.523959030560117,6.000101271709697
54,18.883221438782375,11.76573358453711,12.748322202808554,8.556883932914305
55,15.273501913641113,0.0,29.47040711143149,10.632988523346617
56,18.266162961263362,10.904897816278742,24.329761960037587,9.80542680317302
57,53.7795646715292,12.282283301389052,12.97060022704795,14.18633661786119
58,27.717547207052366,35.174740375339205,22.23813282408977,13.146709804950484
59,44.31816379830573,43.15266916922505,27.56166663205382,16.157539657669503
60,0.0,1.7610797932941598,37.96523233304194,10.168662696732557
61,14.123068765257877,7.126166384508239,10.55914314707293,7.775177056033164
62,0.0,0.0,12.043416400825771,13.620514496795504
63,0.0,4.092929860365135,16.0316165466408,10.525498450294277
64,0.0,15.787260043084085,14.695587690419813,13.152344168139866
65,12.580089294339537,26.470243450658803,18.630216751250373,7.8129936312619375
66,37.783494914889886,2.709161622563915,17.277355991613376,11.85487696311636
67,0.0,3.458535599322035,10.575562634802099,10.908840676428726
68,13.477851284472912,0.0,12.071122398498806,7.779138631171044
69,5.446956839996176,7.536006715095831,11.961088788965075,8.151255346590093
70,6.674715154422117,0.0,11.766160635766644,7.369204086099128
71,24.236403294020775,2.8233634358035573,9.167420177897247,6.062960158027493
72,6.49394577035734,8.231803578503376,7.986579167810257,2.908486480528585
73,8.75814078320847,5.755972634953195,10.936028414653732,4.306715091482796
74,5.581017169213901,3.655976353594118,10.772748886656071,2.399929698764118
75,8.281525101660737,2.813716185861167,8.278399091671323,3.1531711344172724
76,24.892113308326095,6.399274895155229,2.8135183267851307,5.849989163616507
77,0.0,1.815457060198339,9.821790168381701,7.777746657190768
78,13.599813969179198,19.89583934594853,19.410591367425695,8.512823542374871
79,23.02448320729179,0.0,21.359174626624352,8.355499965419359
80,17.617506239118754,17.823503424176614,19.303217758439708,10.404612383662387
81,11.074050048289044,8.093489424948405,7.620570339171543,11.68877038097064
82,0.0,21.712470934673192,20.566724311066707,10.022852111121319
83,34.839864511423286,26.2630348309689,29.43179742095016,18.98688177131097
84,76.82050642492555,33.84775389176162,13.138042004095432,14.056305558159664
85,0.0,17.30774691138645,21.641770716240792,11.683640133780123
86,26.475717013691735,0.0,14.436590789532568,12.219056302913005
87,7.875006519282856,9.330468271017992,16.301677544789275,14.65530620069217
88,12.043340205069983,0.0,10.773319720065,11.507611946721493
89,0.0,5.780641891604704,26.126711246787124,7.191546499040366
90,10.775746677113066,25.112284332767217,23.769746402340807,13.208508723034281
91,46.0809632454975,16.375338108976962,19.25754130874071,9.084601138086349
92,22.08942177500823,3.0106957142125363,13.914163481524914,10.215760888686066
93,40.024061044395125,0.0,14.05433863319873,11.35719123274895
94,26.541836934505554,7.229474650133826,8.15096062636004,4.756836642517504
95,16.795944161870406,0.0,10.513155355206836,4.498023343072632
96,0.0,0.0,9.606740047936821,3.6457440944798316
97,0.47036451969491466,0.0,4.507282522457409,3.323471173786122
98,12.220511417763138,0.0,10.227912779764363,2.133228149047302
99,11.403177879627275,0.0,5.729498503101665,3.979309721636915
100,11.983761136748381,1.9304133590689396,7.558469356391402,6.376689853749064
101,0.0,10.496603398366442,6.111668489517838,4.999957432860713
102,0.0,7.151159336174253,15.270585322880933,6.820865013382062
103,20.239261746900716,11.97790081941852,21.43897551196103,5.8540331280174165
104,5.640293875241962,20.892174967107927,12.261947070348018,7.765231774020784
105,31.025258521198683,23.276861322676915,21.971972013694888,9.082649430121334
106,46.0586087866381,9.308620652738604,27.714413904466326,9.413616826702476
107,29.14724296176046,35.30378834354096,34.90496241646125,20.81169348728855
108,47.803992561275614,13.10551990120931,22.429103868517156,14.654384087777515
109,19.12580473407123,1.6260177617253788,8.354139824194206,8.075817767316746
110,21.26900940738288,4.461596125813912,17.162167424630734,11.764958595392105
111,2.007097099229835,0.0,11.707196128820707,9.18584352729935
112,10.198061944229247,1.3423937551961718,17.34691053385177,11.317526788703772
113,25.958757635755322,7.70379974310685,23.415275813049565,12.444781558596917
114,35.72341506901624,18.03585019378602,17.291857336901938,11.238342233950787
115,9.495190679949243,27.20769831165984,19.883389827849992,9.321483032231969
116,21.13020918942096,0.0,20.608948984492567,12.127703065468717
117,8.852914846120086,12.535447214339271,21.10022406330964,6.944511192943672
118,9.448443391268679,0.0,11.22895774593817,7.008874687307176
119,21.949651354717766,8.848182530779212,11.52862895794635,9.117208471915
120,12.676956911503302,0.0,10.774686469968085,3.1778508004851957
121,27.198574079274074,1.8260179682694617,14.694154065009712,5.628058642184854
122,8.878593710462798,6.840830024494805,7.131750854133989,1.9651623315789961
123,11.878527600770292,5.7395370858545895,5.023643598557587,3.7543334253323386
124,8.386741500558932,2.6425662837030632,7.788876638323443,5.095766903571146
125,7.159598123426592,8.790481257001836,10.221301666736474,4.7612847953065955
126,1.227801354660432,0.0,10.075173288571069,7.511056424797849
127,28.810870984232213,7.026766373023646,22.633584145111392,8.222405373538162
128,0.0,10.994774730157385,10.898791861290801,9.858639236695858
129,35.9740456715223,9.138993481789514,26.88687596440138,10.66859025699543
130,57.5586101333773,17.908061216900805,7.043047713246462,10.102284117104324
131,35.9959422171169,20.169678393540785,19.100756686718736,12.703394167710861
132,16.412537993329245,20.019912217295964,12.351488865744235,14.160442953647912
133,23.171380427556528,3.116277177692406,11.281967401362213,11.478825344601894
134,8.184700333475963,20.875969492516028,13.965897014324877,10.648773723671562
135,27.59453515725633,26.289369476239916,12.301016160745956,8.694167710670577
136,0.0,0.35820576418304917,12.011827481102742,13.316227009991518
137,12.542694323410116,1.3476521314252832,19.997135310305616,12.451136609966651
138,0.0,23.357843363202328,19.098296499347693,7.103745481169905
139,0.0,8.086560133049398,12.553905373507218,9.86403948803119
140,34.276250785096984,24.03821392066557,15.756713599506298,10.524071624148762
141,26.9648857187583,5.017178592970345,15.584397284503387,7.380549384322043
142,1.5028609206407673,17.185319033894977,12.270625194265133,7.2657807499724205
143,0.0,6.788914900832713,12.836560361079169,4.2542130176906525
144,26.03423320014605,4.546231208702433,11.413408880199789,3.0986344217863815
145,24.975399820713182,1.689844450577398,8.399642958505826,3.6876288404297517
146,5.575833590691539,4.548894433882478,7.0120680266810975,2.7391300051824183
147,10.053016437848214,1.4896498542523213,9.861549543587017,3.8606618129560335
148,0.0,2.180308301386586,6.190417658216431,8.001465133343423
149,0.0,9.246789664827189,2.4854931064903774,4.675511162661591
150,12.30184062053144,17.62926482336937,28.182340871567796,11.174518333605585
151,0.0,14.480993639362037,33.53116932985992,10.638800527582458
152,24.144585129038276,0.0,11.419449864747605,8.261905504270436
153,67.93511673795186,15.38034439928251,8.378971756278888,10.354792229273881
154,0.0,0.0,22.671370178530424,12.425037673663201
155,0.0,18.529141673823954,22.85332787619498,14.028624887140198
156,32.06345104929791,0.0,23.575571192333072,7.939289641992568
157,44.000090672993174,14.463221475430636,9.989753811351683,9.964874347045107
158,0.0,2.127412052618901,15.260288455658262,9.014669191456472
159,16.884963507988296,0.0,15.045578763615737,9.315318122672235
160,41.4122620726845,20.565841637788793,7.1718180827047044,11.80418935275571
161,0.0,14.899734260121015,25.404939409677795,7.906434681562758
162,0.0,3.860231986071029,29.08449890250781,6.768683321358644
163,8.850097300445894,24.51178849021064,18.928585795160124,10.96413367105105
164,4.8788207594555875,5.5934757843025755,11.684431867932826,8.95456260766064
165,25.676580088956854,9.288969065738412,12.446187463810666,4.3834601847229795
166,14.189908301635063,8.882394133750207,13.030347330996252,8.09878165125139
167,0.0,2.282004395228318,5.28878370182618,6.326843706329088
168,1.433502111562193,0.0,9.711463189230003,3.0594208926043205
169,0.0,0.14544622252478367,13.384056572047907,4.744670581080424
170,16.023755804617636,0.1696877683081477,2.526229171107385,2.719037808973726
171,9.93454522950761,3.1955813819246788,3.8570587512030143,4.4130380576811605
172,34.732104652987985,12.677795349961581,6.508206606882778,5.553939964097166
173,13.538036866229323,4.529636092855785,12.945182940144887,4.928243254098165
174,27.839631620773936,0.0,20.61074580263999,10.02290258334131
175,15.194043193524715,9.43045458786471,23.373708270628995,9.401470592229487
176,25.741703528332337,20.491736214413493,8.5533724154077,7.969864188542368
177,35.00204482995569,0.2404118388509513,13.282784748376843,14.097511301726573
178,62.55175025695585,0.8942511607855135,28.358602875420328,13.570336804144262
179,9.360312440881458,23.378234389113352,25.43705748201585,18.408146050666286
180,11.937775811681131,9.341566611230395,29.11554114148095,9.789959045258094
181,6.376142923584357,16.474846907094744,14.155480540821966,11.710038648594558
182,25.336506850392233,10.849885290251736,14.084760533173045,12.407178100895385
183,36.37464126862902,17.01663648089567,13.616664431129927,10.885091248408106
184,5.84208830687091,0.0,16.03329281743121,14.999196640905065
185,10.2957020596141,11.85498419054079,26.084152176250164,13.524890742867067
186,24.784068035587662,7.893099856368432,9.252691230284444,11.480028472608671
187,12.691551599721329,0.0,5.86474980115938,11.27381256674442
188,27.852036988982285,0.0,16.90680705084088,10.681582816004212
189,0.0,15.171741317471955,17.632127863721553,5.7894999665144695
190,0.08749338069699242,4.543333324474153,7.631944035605986,7.11706950837478
191,0.6721043917089151,0.0,4.862543158399426,5.33256964938105
192,0.0,4.5336654436426045,8.794022259612385,4.143036128438682
193,30.18179943160989,5.56505863973294,10.732313166935057,4.0284611815877
194,24.598355272502754,0.0,8.655689654845094,2.7014764106804323
195,18.41745304248314,3.509261450019491,4.607199097707693,3.9253610802772068
196,11.756304902043446,11.97420831539954,7.700648965563387,6.157269391255373
197,23.58675130628869,12.355342433377924,12.881997737774448,6.438569367171402
198,19.27481251772162,20.258368428852386,12.376146777414563,16.35770735873507
199,23.62377791326937,10.389132069014599,6.935069640867972,11.702571149689579
200,0.0,1.5495467203084896,5.7388039023542055,8.585470940097073
201,29.52779130797216,0.0,20.174659679460014,11.937995740551717
202,26.811577852732512,13.446049047503575,25.23187958524524,9.276334925831318
203,0.0,20.689200515477445,24.117918584311592,13.530749451296373
204,23.464086645502093,27.447973339260784,34.10642371696376,14.180643263741068
205,13.564867850577448,20.999796503420836,2.9722450510367793,10.062171175542305
206,41.04195419965639,9.545484778157107,14.544142110280212,11.612867011925973
207,26.94972792480919,0.0,19.089608987033934,10.027970443730585
208,13.17854884982687,8.170720835869226,8.601655016922315,12.807799503853044
209,27.26944020698729,14.606774337726296,18.60721897572366,13.019918153846758
210,18.954987367050677,7.979167546105959,13.934383646965447,6.12606613458917
211,13.61705792841617,4.221058919223442,13.170531351181346,11.333145337219067
212,0.0,12.52884814969899,11.727578180410145,8.035961160339399
213,10.643590709331903,4.4643803273045055,18.567192606369566,6.40386155599306
214,1.151503012186824,2.603537413922382,17.063376029108817,6.918224258597845
215,0.0,7.8687170058206375,9.891400557367513,6.100777203977345
216,1.6779260251326313,0.0,11.666746265950374,2.3094812944886596
217,19.972382292015695,0.0,8.133496899237226,3.9296986060675034
218,0.0,0.3339265544079768,10.369772348111361,2.3761157859534356
219,3.5816725103105047,1.769084450019141,9.430766291844382,4.692774910733723
220,2.6833593427235938,3.5496682364716414,12.878014742720886,6.253931679354061
221,8.496857480335136,6.231486737885502,10.42941619923945,7.063672751481543
222,25.358105689957043,6.882536691775529,26.771543658888483,10.981533417987638
223,0.0,20.493396105434073,8.279448960547871,12.400612516518644
224,24.29880976831716,3.239826943186312,11.760164460348996,10.578718313914223
225,21.512056840032795,1.376820405244569,14.797968462059442,9.288603368857931
226,0.0,14.788755385204617,25.89419395845544,10.671682513866047
227,0.0,0.0,20.714130856024468,6.208216872441673
228,24.630421212120662,16.676300463840025,23.75381618537701,12.918925767324119
229,11.022588279845627,11.025531837262669,23.46978696091822,2.703174349570433
230,11.386646228235717,9.378132610900158,12.338092793960525,7.20838050370808
231,12.563473678128599,25.882761071492624,14.613790037041834,10.903537201881969
232,16.51873349635882,4.533510656463385,12.094149613295482,13.14607040944031
233,44.88077016817715,36.72357804628894,21.476993714128053,9.210170927664166
234,0.0,7.745685507719007,18.032490074354786,8.575795916242122
235,0.0,0.0,20.42094995625506,12.741081977228264
236,0.0,10.699195809948254,17.54469938863399,9.031939736854648
237,17.507100007831827,0.0,19.424836590652983,13.037256562325373
238,27.43330539813308,1.7377090653054985,12.02174627030025,6.997312205553115
239,5.306319415238462,8.382199800092947,12.945504723917487,6.489643412257521
240,29.40249278198329,4.123159355118789,12.268744490889418,2.69978335356186
241,11.572325394321034,6.527925935045581,11.136527810375183,4.38812889003659
242,0.0,0.0,5.0364485914124515,1.7888329450702747
243,6.078289405767963,5.324160619984783,10.028840061491113,3.998885878845321
244,8.615404049147019,4.184281443177321,7.647989191856326,7.183363580352921
245,0.0,3.103259047652131,4.531242573400005,5.330674384812692
246,13.167028773429227,18.705556094197263,13.043250855358076,11.611357278485002
247,2.0780202568584443,24.792745106742302,13.180042584133565,11.354802737384604
248,27.41998101212397,27.94370054600359,13.203475942764381,8.090416365738356
249,20.830684980446136,23.14807871505905,18.356896966722577,11.947788256434801
250,16.516127525572898,8.902658183698163,22.473760242695555,11.39713269074301
251,21.814542081322713,20.290802445395144,29.647764741118593,15.305777662117972
252,31.693660552184983,21.201874461410924,27.54906520894528,10.170423700733634
253,26.102655594416035,11.21177949299462,16.422215417899288,8.28158796284886
254,0.0,12.438406067026989,14.598330983581901,9.81714233081335
255,0.0,18.23753131876182,15.40292520520873,11.08518892658392
256,30.23299576027947,11.288608247688813,4.778981967067972,9.706499598236645
257,10.60911082044079,3.2485567635160617,18.704039010733894,13.050029396687687
258,0.0,5.8552693416414145,6.226865651756842,7.516488942243215
259,27.58635452267506,16.339103777337424,18.194723604708095,9.591862831122302
260,20.228568974109916,10.029932911999557,12.981931408325053,10.219295509148017
261,0.0,12.061889791815041,17.077575871679752,13.401234261106051
262,14.029158644119603,11.69055469541533,14.919193495979698,5.071758082271486
263,20.709696820054532,3.750951222614342,11.669157659232813,7.76641747978816
264,11.79810896784736,3.731257441204944,6.707986976358869,2.853662333893597
265,14.934063016191558,3.3950094130144963,12.102169470578758,2.3220392339118865
266,9.136139968526763,2.8651889034523044,4.746046469296271,1.642317059208209
267,10.735705272839958,4.247665934719837,5.331341144237385,3.789541260434918
268,7.340200872890208,6.662374353673311,12.519625683081836,5.1769767885880285
269,24.703741959740547,3.550001023039985,11.268594439274333,7.658049112053357
270,8.592457911676329,0.0,27.478170251209416,9.670124449207563
271,44.81494824568685,0.0,17.451456012982433,12.576888498636505
272,2.947872924676844,16.53244883281227,8.506229519020607,10.123409268100737
273,18.553955686369115,7.232999099142866,18.557376817577943,10.074455672843154
274,0.0,4.039111003438334,25.765234729304307,9.822407104574998
275,38.650711610425596,15.127584400847304,25.59241537255007,15.011388754864377
276,68.35377870779601,21.53918703498753,33.502603590675264,16.125108007319664
277,13.607588763224626,11.803639430263981,13.374283087484494,5.3607785464975635
278,9.928583100219011,3.783395696949359,14.372934440031404,6.596599362234906
279,0.0,22.262929556489496,9.144354117205037,8.913658337887773
280,9.423034604583993,30.950226035779583,14.75623738437087,12.034866916650165
281,0.0,17.93467986387424,21.019583866169512,13.65625061943363
282,0.0,19.7366351134409,13.951007973263607,10.94617439605495
283,22.898578595957325,22.41959996813811,16.726521444255795,9.23150817423886
284,33.57660588476578,21.30099316404514,12.281714588590635,12.038087386483525
285,56.82368943518025,14.526892594013614,11.946394995585326,10.854351725674915
286,3.2570768770641116,11.18842932952418,16.845426099483355,7.257680963780192
287,29.945962067719808,9.117963440079016,10.675128192383998,7.15518908698421
288,13.271743161185546,0.7140766250692265,6.032376600124963,2.4594618028172546
289,3.2622036786053963,4.594508381211323,8.54141760790286,4.419160763354137
290,14.699041654400045,2.732419195567875,9.008544102739005,2.2914856936297383
291,7.929150229660893,5.669887834968058,6.784966916116698,3.5386821662130457
292,9.014470344948458,0.0,7.2434782249049015,6.6714484447394
293,24.9078985796474,11.12811438081337,7.179626353343826,6.679425310289799
294,0.0,1.9978830339814966,14.939678732847561,8.900894757739835
295,0.0,16.328579146073064,13.986795116644029,7.7544631354580105
296,0.0,9.89361323381807,21.898368221376643,7.6317433362034555
297,11.281744458348665,0.0,21.78506642711333,10.173011083842924
298,17.361754907019098,6.838022954188121,31.650692908035538,10.65401973757863
299,0.0,20.480456130956515,21.331918989108072,12.622422508626256
300,0.0,19.35558456569519,23.605324921104632,12.063804819182637
301,0.0,8.590121025555813,11.789007083833402,11.141074072276972
302,51.335815836383915,27.84956779661158,2.6583374938151128,12.360019572263662
303,41.10717438485548,20.07510770986559,7.625763820293322,13.103760240244977
304,6.5767090841194715,8.920150603202966,5.9385871480764605,15.064753997275304
305,11.837701084268668,21.001461745643333,6.826362198904873,9.596900561384293
306,0.0,29.33793485188187,11.545061538790247,13.367172419076045
307,0.0,29.604846007830268,25.154760668660806,8.938046990888571
308,11.176669092027025,0.0,12.826698945953018,12.089745624908854
309,0.0,0.6612019995856446,18.033198673052578,9.12237592689196
310,9.87997298206147,17.394431507136957,12.356242503772888,6.422990870160246
311,0.0,0.0,13.582444124860025,3.83076376827008
312,7.941225877403822,1.8751659304525938,5.273142018488155,2.543694691157181
313,0.0,5.492209273736713,8.015749323079552,3.5513966687298035
314,17.286072664090614,0.7527986214835747,5.222084882639788,1.9911008820603158
315,19.74105831996968,4.093421264458222,4.972762490901596,2.74969252372812
316,0.3933613155957456,2.4015033052868118,9.144400392419131,6.274524034714726
317,12.261284019208128,15.720421854816307,3.3721141815311197,7.160959527510013
318,2.4610732982181602,13.636981503429627,22.501341498635263,10.585867646994583
319,4.670548152881196,7.819708718955779,23.29697389862199,6.822204871642549
320,25.082117380299792,21.93618571856377,12.020699906656041,9.75238141134068
321,19.0750817157581,0.0,5.11574894009275,11.484057805958981
322,77.18944125793035,0.0,17.52686030498208,6.244022468068184
323,10.533025638912369,26.93757982829661,34.24676450577022,11.775701958546858
324,54.98008997423467,12.725621377408416,4.165042894535706,14.103704649795649
325,16.753441433240077,12.504463002607606,13.436144645129163,10.540190868394573
326,25.41413695201004,0.0,8.39799696397769,11.906337480678859
327,6.024340545652831,9.767662891496338,16.137824176180864,13.718989615246624
328,12.226882134195309,36.0421129248161,10.3670555866405,13.124526668414887
329,18.089428241666845,21.890395437550353,23.54491033063435,13.57893122503963
330,0.0,11.697065451428122,21.0534862635131,15.421491054436652
331,32.300961146965854,5.609460898950624,27.915619534542106,9.572390883819018
332,23.143884487022483,6.054271481306062,12.208526419666056,8.40423447276301
333,22.259453240526838,0.0,14.466573041528184,9.770033516844839
334,31.28794663171291,8.803482946448124,6.099316918879461,7.614587441144453
335,30.131351376319206,11.072898650891123,14.928364758869355,5.3679415296645505
336,0.0,6.736904880515619,8.372326539664526,4.337564166333584
337,37.718133065080934,7.838362103000295,11.386637467031875,4.796392226356255
338,11.13769731572502,0.0,3.509076521453631,2.388455602729165
339,0.8488027962225644,7.316484284264211,10.910866878929248,4.022417749620701
340,18.892047264619663,8.429130525814253,10.627161605027547,5.739328610137588
341,7.821232363137588,0.0,8.507250424844294,5.74870940755247
342,13.234303023953448,9.757026162291845,22.2806151069994,10.781061192639035
343,31.819821479650447,13.645344890332625,10.964029254997481,12.802372550067792
344,0.0,15.560752738231507,17.61186989283536,10.36262843572284
345,28.463052894012137,11.772613669488557,18.056091347021418,8.17711275372542
346,82.38864423195257,12.912314168473797,23.46947863713674,11.64885412476996
347,38.985329865919326,37.104170883796435,21.312582887758868,17.763452239184378
348,13.713636886496065,26.71240691892816,20.645114479408115,13.571182868274686
349,5.872104952291645,0.0,18.12601775232784,11.490997813049965
350,6.598696415816295,7.508175896785498,13.998036715406469,10.403958113652822
351,9.038182222454616,8.353489724560488,15.541817751471855,8.142021665738842
352,7.106218088970957,0.0,12.96570071100627,9.916335766462128
353,44.09104831507908,13.130196698787746,24.23315880978624,8.074888203701141
354,0.0,22.487577724105066,15.738216782804793,10.4738972230919
355,36.61920108890209,0.0,30.04055194361156,9.833102433546813
356,7.076890207776047,13.364009386898722,6.885071375921056,9.120024590940583
357,18.880385456847808,0.7575887043320595,17.91765556189564,3.6798861161788743
358,0.0,2.296615834242262,15.514094587379203,5.253755542428164
359,28.537930082412554,14.864361805020211,8.18787594031354,7.3450087816838
360,2.024487999242428,5.965659727395946,10.985103918494614,3.5373631459886075
361,14.327100131882098,4.161026008001851,10.536222889858982,2.402026645688112
362,0.0,0.0,6.520896588338941,1.3270694072835894
363,19.08512605181754,0.0,6.952360921816142,4.168233032868917
364,7.444501271409495,0.0,7.319141587803006,5.142148125722988
365,12.13243628202218,0.0,6.10640641747329,7.574430314663897
366,72.02777925490241,11.094853594470875,16.984395972802226,9.369651220229553
367,53.57483429343841,21.250439217080253,12.707264778381528,6.130938528573765
368,8.217576307921899,9.865842130751913,14.258910109963669,7.463972166312006
369,5.762715563111378,0.0,13.099487035085819,4.500647960738849
370,15.233649654414046,8.092395396654513,30.339827672432886,9.531748925434174
371,40.29694745429607,12.558015050510893,16.138906990533847,14.43484761820685
372,21.843275972473865,37.151985002705274,20.752788133142452,10.981289496523445
373,7.88560538993751,0.0,12.189284663031694,12.157758078059477
374,35.888027511061054,6.702546371408848,18.16807224261187,13.636743640336725
375,11.218325688265745,27.05852680544564,14.288130787904707,9.659223153287778
376,48.87358985138218,17.399740096158578,12.174238170076862,6.876735198055545
377,23.286712606554758,18.759756882197095,24.141932478739257,13.48147579318142
378,56.56287731525411,11.145844370238782,6.621161324419685,11.110720457017152
379,25.718099530549537,13.299435386572647,17.7670786159391,10.61878314031389
380,28.022184942691386,17.776095302785357,20.790305293438575,11.962959498616232
381,1.6960675963234983,1.7146231299651031,13.516151374970423,6.903309426370128
382,0.0,13.1464100523574,11.224113458258808,9.812257540659195
383,17.068118606197835,0.0,12.808823652819246,4.848686696229758
384,18.990675126410256,1.8238806123878055,9.641901402169369,2.869389183939206
385,0.0,4.5596972481564535,5.1372594450755455,3.6929592594338034
386,0.0,0.36684978508885013,2.3735760597947033,2.11528762523613
387,19.737496632492824,0.0,8.979808182573079,3.798100700012413
388,6.182281911590821,0.35867274644569846,6.340513695144008,5.9489056547466665
389,18.071164135434216,2.1911210161712598,7.770074818490738,6.094318447338045
390,24.40258286279881,0.0,11.0972791563599,8.643856943013002
391,16.606954043196062,11.620595590628747,10.963172692421908,11.064258747762876
392,34.27606506894996,17.297156737837085,12.322032969630996,15.828489296830838
393,14.320188208354391,0.0,15.622536835186121,6.44602672134785
394,0.0,10.251287112160334,27.83478248496024,10.64802504837996
395,0.9027972414488481,11.700963071004967,28.39403814234694,12.719429734143283
396,41.53575186105083,16.098104226441635,27.406372347434555,13.385766186046201
397,22.119163914525146,9.870612318964119,16.073703559177996,10.093114946655723
398,0.0,0.0,19.153295999234356,12.67608050289342
399,1.7002566972320636,0.0,8.836384300724944,12.35101315301756
400,3.925146952444953,12.353082907019672,12.785754021808621,12.461810682643636
401,11.79016622832153,24.345371036946112,28.13594586927341,14.716925492194028
402,0.0,0.0,24.828514970425395,5.311404212422645
403,4.427184064619263,13.4572657980158,10.322476293539307,13.180904595832047
404,1.6336764299513717,21.89622005287643,11.781813777542107,10.75012430378468
405,25.035918852285942,7.622767114144082,18.296672273882315,10.940118040341327
406,21.680401305071218,10.851417472185085,12.676661047156916,5.29217395722187
407,9.07530195322763,1.7815855146131874,11.64436800388325,5.003076142073597
408,11.75125952973729,4.165422602554623,5.497991791654483,3.1420956700728166
409,9.795545327950444,0.0,6.923769616666287,5.5223259698193345
410,10.7174584448959,3.5035929316709122,6.709252768742865,1.8186246806525628
411,16.109927351811717,4.514486369965064,9.579683705788318,4.207846285444408
412,0.0,20.321710797443536,7.2733408446038155,7.229906031750479
413,19.517245974546938,0.0,10.72857688018765,5.803255799967604
414,19.188827547040734,8.97337908959367,15.931597643688995,8.838079622937034
415,14.35377356636031,27.982877009230627,20.413301096855687,5.4485271925564955
416,0.0,21.913896402914144,12.448557541639172,11.281981438789947
417,32.07316804104476,3.037879484201003,25.23833960055646,9.773663180542206
418,0.0,12.239674283734477,20.988914963360816,7.9746322972236765
419,44.45182033716138,15.029990346226308,13.206038124981694,15.379790130833081
420,0.0,15.383470408729886,14.635382264772755,10.599167143665165
421,15.962242427114532,3.013195640151702,12.60655127725759,8.94314773776895
422,11.14096613768444,10.01747557029192,8.128666114355594,12.333840543439159
423,31.244795097784586,0.0,14.59982686115025,7.323235177352311
424,10.212979363383313,13.621481422416984,11.183504157053497,14.51355668657702
425,3.5077082591292275,17.400248081061985,35.96002126516652,8.645553208515832
426,7.057381767022017,7.7258058735611606,8.616341186259488,8.674597183289473
427,45.49426780510073,0.0,19.099619165032927,13.845892388133155
428,21.36623271922194,19.885318628514625,8.600983208327891,12.254709523284845
429,6.984172288238684,12.28072534193522,11.075734772507554,9.175687186491793
430,7.878907256468423,1.9178943160931619,11.466684262023795,5.683257698298297
431,0.0,4.3163973189716165,3.3262744629148537,5.364873231960128
432,10.879303775028356,1.0308873193556733,5.959592353661304,2.9761762305918134
433,10.450278788075181,1.7374450065798444,10.632000633173861,4.353963683975769
434,7.127639075590757,4.198383111095626,5.308565489558588,1.8782292948573331
435,6.741006881692852,6.515185174441212,10.070946053294058,3.6722808573055987
436,6.6847488151847685,16.259663724072425,11.184825776003565,6.110824845905349
437,0.0,19.605865223395526,9.257685403916888,3.694900888925782
438,7.223555078733012,0.0,5.112658719490263,10.954070254452915
439,39.8534284309001,10.704191273272889,13.394528921643525,9.998873805754082
440,0.0,0.0,15.682268413239502,10.079387053195124
441,15.450667723057315,2.2239407225173293,27.277302150338933,11.921468615188928
442,0.4073821368746806,3.6991748974433056,33.318773586190986,6.094368939903504
443,28.34051288194334,0.0,13.059902483189084,9.078498390423109
444,13.341004567995455,0.0,27.26164230109678,12.657129228776448
445,41.59308596954404,8.557156214797452,19.569818474173182,9.985766289742969
446,20.902697205367957,0.0,6.532491294229244,11.374389275022251
447,0.0,18.42126959137633,12.969172390044378,9.075745849655108
448,23.4711569811737,0.9869575509898301,14.06798535340298,13.594448818175835
449,1.4787732221960113,45.7148276411567,19.10518311546557,14.238333223178689
450,5.536878378245277,5.486155490356048,7.998325980833512,10.967964587903055
451,24.77849083431383,10.720176419170523,16.241230205601866,9.478343083190834
452,5.328740252209898,0.0,11.723508822005407,5.784621224771194
453,26.9285507346381,24.354825823148754,12.422517622263758,10.38462517446683
454,0.7764671880231813,14.836504765620413,9.140544296097271,8.71042013270463
455,2.829905505794006,7.781495224416675,9.538059894303158,6.773470094380776
456,0.0,1.8463496699462498,8.151421780027917,2.069388352591167
457,18.085532724013092,6.645512759566833,6.416903557826623,4.362415005049737
458,16.261085196429875,0.7169145584343068,5.445265409297187,1.8200118472541402
459,20.094056481512318,4.925128090973458,3.160369845972845,3.139411233083814
460,0.0,4.203972553489668,10.97053773034193,5.334513113231464
461,6.554290486923305,10.032685890578621,13.88406926362348,7.285565446715539
462,36.03780276607078,14.751280673480089,27.12437497778074,11.205873887510444
463,20.308949628789996,3.0806630382539,9.731318414828856,9.73994787700302
464,0.0,8.313482465995474,15.82693321906918,11.238210036929704
465,29.95079084064087,20.437433977204943,28.532638099541337,7.678176087226522
466,42.359849014455,13.93376870254097,21.57392514446002,10.064740201454061
467,27.63888688993006,0.0,25.76085572987537,15.441966991459411
468,31.587547815398324,19.86741673405659,9.940802118964973,10.872392379603056
469,10.343293769656857,0.0,16.20031275589489,10.870916671914836
470,36.06115139717052,26.537643769571066,8.852117055204602,9.283046399782208
471,0.0,20.24098839841025,13.778576569854907,11.019641415552236
472,3.8377961008850505,15.47862571102081,6.911308603463366,13.324461051675101
473,21.276834940893647,13.88679412123432,24.420006814208854,4.99881628632704
474,36.98540699833928,7.9096774397258,23.532368447304123,12.380611407020236
475,0.0,16.78523951400028,13.770828746738095,3.904734869294492
476,0.0,6.292218305379383,8.566001932499304,8.767901948887749
477,0.0,11.120128835759045,4.591510134055074,10.84562646166396
478,11.431576973343175,13.103540565636159,10.120835337551917,6.555798584646583
479,0.0,2.629160738846462,9.080740016870703,4.24057682103655
480,0.0,1.8609705874554807,8.708624999614125,3.1389962665419104
481,22.322868955847436,0.0,12.38963209155999,4.772136394182933
482,0.0,0.4956782638649593,7.433997814845965,2.035147054832291
483,16.483525248080944,0.36358844558657655,6.355935695565532,4.313608749892605
484,8.404897330343275,0.7727035678451148,9.28266308069794,6.364604910765076
485,0.0,18.005778609540922,13.580784044021296,5.89015197669815
486,5.704976351498642,10.564115671695708,11.359969614279137,8.938356343740706
487,0.0,12.453710089953322,23.388184290415523,14.428305231583822
488,26.51311313339305,0.0,5.616632471171391,9.096098040292983
489,37.57826743430812,3.4603686636307804,21.303638949371745,8.668244577759127
490,0.0,12.15302629941512,36.81312120706548,10.868019646900214
491,12.892236444419979,0.0,28.665013933504802,15.755563245885016
492,0.0,22.896754122215825,26.279688089048445,8.628500285735214
493,38.28317943226867,0.0,12.47797739038616,12.245356509127477
494,0.0,7.849972505483068,13.121084081905362,10.792771934228167
495,38.025974033086214,4.1394836002444135,12.016955019926911,7.778137809568559
496,12.480602063535773,13.97184791258299,9.934691229067713,14.853081874449298
497,0.0,4.314119137734888,19.17378362250832,13.501621371830769
498,3.370877625399599,7.291063729290626,19.071258267382774,7.470916016104171
499,0.6850330394014676,7.638699082220144,13.857027829934543,13.554365680515449
500,0.0,2.6561224260869896,9.855500899329732,11.317594736732385
501,14.47929901179386,13.365844816474013,7.69505059339052,8.981646991874918
502,0.0,8.668718623861977,12.289392586093356,9.22630632787049
503,0.0,5.468316328480996,12.7995667644913,6.191157340595569
504,9.663003098751616,5.767919168363559,9.072932904411251,2.6223933093992975
505,2.076398607736132,6.6401499671613395,9.48138675266969,4.374255826327726
506,13.585764217347954,5.832889753470821,10.3149216373744,2.0780415892571553
507,11.003464925521431,0.946242730757358,6.932092050740048,4.50352320488176
508,9.158545510808882,0.0,10.432873632666778,6.158248575745382
509,0.4681473782298884,0.033989349029283744,8.470788395818458,6.98251674041693
510,21.962400674986483,16.60442566548437,17.04972852282733,10.1891850659154
511,17.408587684623257,14.979229342693786,10.980589256069386,11.569377432263373
512,0.0,11.022566596474158,5.286778656768201,11.741645540733277
513,0.0,0.0,18.43062859360159,8.390946739550373
514,41.95460136429308,17.66867293329061,25.423725189949245,6.383711906258508
515,0.0,0.0,15.354024724684068,19.63047856804366
516,31.1623158088378,25.907394988522796,24.741438512240254,12.615980953709428
517,6.39450496043116,38.57438423139865,15.24188653345726,6.571028209007757
518,33.4086470673266,15.030962612287055,4.591568776368421,9.429597106118836
519,5.3018959371995384,15.831081356577432,9.431013828029945,11.543748584739657
520,23.287953742329577,6.085682773253287,14.588329185568327,11.328775605281058
521,10.997771200807652,0.0,23.438469995193188,10.771052593634096
522,20.4569601153007,3.9728063696977767,11.770155451441294,12.801763720625933
523,33.915669067873104,0.0,18.855619472698567,7.905425707232379
524,5.7841308253365495,0.0,16.987388178905842,8.403693284490332
525,28.5462561981751,24.501239477960844,16.030584540064503,9.380495655086882
526,0.0,8.910037626180412,10.685556902854016,7.546636904875435
527,14.888625521770603,8.278125483683901,9.455678166029836,6.595611641208878
528,20.93485653482736,3.746801731189974,8.43538406564085,1.9556982065833104
529,12.382943448178203,7.385216249230918,7.168139425833994,4.013867703321046
530,12.698085813808728,2.6381896680471484,11.122780036764874,1.9512779103786666
531,4.822642221753301,9.036459397338945,8.330185236157433,3.625259441680434
532,9.677141674956514,5.430208136443969,10.633482114332958,8.413111334880618
533,10.161369144579252,4.006988820965968,12.367470837084616,6.658779448892293
534,23.90423749667402,37.039851072793866,35.03210071496072,11.452196722892669
535,36.61390761288695,13.942376494420309,9.257411207712114,8.137853024115794
536,21.660272638339364,2.8051845402145235,10.120331334579278,8.001710217337976
537,21.061208069604394,3.0573623775193113,16.302949494952856,10.07361099819391
538,0.7262204517688069,0.5732008546865952,18.618852832129804,10.346014279304452
539,27.030137741881287,29.04854033785182,16.918125642972157,9.431065298656629
540,24.15946645312768,7.627472485281098,22.752602019584756,11.567263145161117
541,18.47726843663757,11.273624756564857,9.525283281197677,10.02814416574701
542,47.42179479139027,10.301404581179044,14.306665233395911,10.526671835303516
543,4.829144654756728,17.314924079409344,13.201623453571598,8.373219175306648
544,19.58770869835561,1.8390708853917594,14.876011792578256,10.705115563389263
545,47.92524409455631,0.0,24.198689245320992,11.57553793542529
546,20.11684134454667,12.242973071815943,21.25623700850405,10.181600047220096
547,68.49745457411876,16.00959284699897,15.983591741151036,11.209583165101137
548,7.102587048988964,13.325323130976408,21.272459270271302,12.161712409901742
549,18.055791868192735,1.7149164381240514,13.914281354280181,8.47017409765095
550,0.4557641674126387,11.742393894639758,4.853800316338177,6.361381325438499
551,6.359873496108531,1.5368344374261946,7.692160038971482,6.525186808241168
552,17.330138996930252,0.0,10.995986480370803,3.7411484329861633
553,4.789594800893373,10.331317787093335,10.740049448832233,4.010684473234939
554,15.587777378875252,0.15304044013339269,10.603007339513228,2.44197619558309
555,15.228516865710175,0.0,8.156941199876435,4.221566940175492
556,22.950213829113668,5.765406472700682,2.581315672329052,6.550270963454603
557,28.20586579257408,5.45884551973567,6.8810960326788235,6.43561109725742
558,0.0,0.9749349355670827,19.787769237313697,11.394976623842
559,19.316879172781256,6.950267812869,17.888614649117216,14.554860897112196
560,13.175932067251098,22.293757176501042,14.862681846051405,11.942012671918377
561,17.646234355219818,1.9400639116820244,24.73619933401823,6.83932136430893
562,5.522112411695915,0.0,29.563388023222593,10.893323030557807
563,0.0,29.138904313496884,23.392937930841512,18.424442304309654
564,27.780383380870113,17.90756294325644,11.152472416596396,14.886481935686751
565,1.169598128137574,3.7948137935133843,12.950334380153322,9.146790033881802
566,14.34149829966295,0.0,14.623835777741926,13.562877779413881
567,0.6129207494978868,2.553766435614369,8.747255715053138,11.85548479910241
568,0.0,11.343546757808744,15.461971447474149,18.174041848727352
569,26.90431868149782,25.98806507860583,26.722877772784017,10.199995833003571
570,21.259904979020313,0.0,18.68508167199755,8.98519884719915
571,30.512490580532152,9.154801184885265,1.4555887219130632,9.387761903080092
572,47.09947475611495,16.75144659894898,8.015455385423966,9.01955569992245
573,17.32571668688921,0.0,20.356137718368718,7.397962650425514
574,17.40307932524651,14.236503175572299,9.196425283006352,3.1322542920567593
575,0.0,0.0,4.452327363674314,5.478360631532239
576,14.432296716398852,3.508421613579782,9.888252242343619,3.302666788597481
577,4.081337853929072,7.9986960794879565,10.59266884758251,3.4407825175168587
578,26.579659361879454,0.1957777236378977,5.155557006722438,2.017052409775099
579,7.1123568268132455,0.0,2.408471844623808,3.9306362393263012
580,22.943113795988662,7.5645263048470035,9.405219051931565,5.671555205018678
581,11.823340457483658,5.798379360263148,9.87477369193479,6.948408698141645
582,37.842086665566285,5.084591738428343,25.892808040024654,6.934270243294586
583,25.36670742968522,10.846612807327638,27.956614151669495,8.965971550091279
584,34.35304025769558,37.674358920322604,19.12299409149589,11.368075826234762
585,21.342544403177616,18.345255473690578,14.011858440236733,8.771830449311263
586,39.88362124266357,20.494986058633188,22.35801223787673,6.782386581460056
587,35.98998800950131,27.659053373300335,28.602507219110347,17.005666029770207
588,16.351436256180435,29.753545726226314,43.989285083066335,14.695427113059694
589,22.289681740644184,8.09928327099255,21.660446416712624,9.910009584713988
590,47.856425440683836,0.0,17.365648931793682,6.686139683367028
591,8.781807703311106,8.114138669939901,11.487626973357767,11.411939493397632
592,19.543652328510674,21.740828519958022,9.555521438495013,8.016269084592748
593,52.69602956190995,0.3623952586191166,25.970119665314407,12.741118264435597
594,42.62947086839645,8.236340495106697,12.056429173134457,8.225072350515681
595,18.25307462273829,3.0823025699768696,16.712443704706367,7.680321428466069
596,0.0,25.020292518431305,12.552365998892501,9.116179965840619
597,21.06056397091607,15.745113138659073,19.21235714757895,8.670064398430933
598,0.0,11.560784344507713,9.829498900233064,6.098108449458972
599,30.40317144842425,9.729607878725828,2.9504761927103687,6.706443933858181
600,4.647167458493994,3.302810375205464,12.306897614721237,3.19664788197117
601,21.762290460061863,8.535157090256048,12.457312506736415,4.467335258681832
602,10.699262390177402,6.213769466556292,6.715790831895891,1.6369529975597599
603,1.1405194645910122,1.6926061074067498,6.153358378446898,4.029184604491385
604,0.0,5.898979657599444,10.46105326318871,3.5620565176043675
605,0.0,16.932331328057053,6.7655225500164144,6.254056541004717
606,25.628716455363552,0.0,16.659956268314414,11.524298483917372
607,10.915403922669036,20.27581070553822,19.510678774000077,9.43986274623825
608,0.0,0.0,16.884160870806806,13.63305399228021
609,7.142843053534397,11.024723671031568,16.372408302922757,8.237523105127899
610,0.0,7.573809525997257,11.18211653476996,10.434880830606522
611,72.27032776511982,0.6298259894815619,10.625518993613419,14.892525760002133
612,0.0,0.20277686810069895,15.554401999704,11.75928559813582
613,0.0,12.764143642537544,9.090745268100282,9.771355663990505
614,30.315526432448916,21.950932609789504,12.397018041382355,11.235631066020838
615,34.165505256437825,8.702637968114967,8.363367400969342,11.6959174869274
616,1.3782661558799933,12.841357904798596,10.259255656697304,15.306566967059387
617,5.071437265215446,18.854088795492565,16.123258924613086,11.994599413190022
618,31.310684565551554,0.28381226987040087,15.621257551420836,11.630632144343267
619,0.0,17.39692508412923,25.14152339022486,8.596466107466435
620,0.0,18.19343097059747,15.581595598779014,11.531910905452467
621,8.620558946728895,32.43263668875369,13.062904719576416,7.628415257111417
622,31.45855547290446,4.3672706660829235,9.478613274083234,8.526923910523385
623,5.248362836199038,3.2515091899912343,9.57033223314403,8.652769052871887
624,8.534993344343299,2.354266630271536,9.863325619736377,1.9142298186496622
625,0.0,11.129175170818847,8.538659317554465,4.37548852769662
626,2.738499840849699,1.572406276300088,7.251460850587041,2.9091967303917556
627,17.347751128030147,0.0,11.243343367429247,4.5119489326406335
628,14.973229299872644,17.35829331253526,4.315564578477332,7.768095697730108
629,11.68826686569032,10.094355058876756,10.349427881598658,6.219497676154446
630,41.99763851577033,9.299871411871996,9.429070562544812,9.853563352032356
631,30.04553841486402,6.2858226391793135,18.383069971559053,10.76254278016195
632,31.996512924237727,20.823519297917354,11.308852807898669,8.368346704031135
633,42.066168239527656,4.580165997738074,7.489830219920734,8.072449625531222
634,70.65101358210876,21.482564245159885,27.917781928253223,12.532609114338731
635,35.76388251718763,23.13292928586384,22.14971453355853,19.117027028599555
636,52.15778204481864,14.9361831058482,9.255952430790671,9.621344842590359
637,9.471712684455863,11.455148053355954,18.778056408484133,11.935997609107728
638,3.6172113396795087,9.07535159614404,18.596524094156848,10.808688053666755
639,39.62557519053598,20.456401202092657,18.81148493495663,10.679617148980862
640,16.372792950633933,1.61588601477799,14.399930118540738,13.104524734644153
641,41.282990259731946,0.0,21.290166273035826,14.386441123498365
642,20.672784311286026,16.144401228924746,25.172045752837303,10.165436403726378
643,5.331261940128773,16.312383280671476,27.08487136083653,12.820323990603871
644,13.17133312428546,14.802411525117666,17.420917941214938,10.61882567951985
645,35.40150667717634,12.66955532656235,9.328003351303776,10.123531690445159
646,18.329168980488397,4.756217351637165,11.664438015609242,5.833432371847855
647,0.0,10.724896226313152,12.450403276161714,8.5903908128458
648,15.637899078459597,2.977298110106548,11.765920455212209,2.746463410320752
649,18.55596910414119,7.721511430491569,9.736280537892355,4.095037231922322
650,0.0,0.4575396675307224,5.673443413427311,1.8401804233646286
651,0.08930300613555087,10.629504480929986,4.990642902952742,3.7828988056546202
652,22.369143829522287,1.8926638549211958,12.907058479283975,5.976117994912098
653,12.09842407756013,1.9014491904889521,8.577662006313094,5.213107845081224
654,0.0,25.373575518978022,28.350018335220373,11.382125131733755
655,42.67301038083107,12.114601523639172,16.072273313925013,12.871956249603551
656,4.516988252097516,4.479752709884234,14.135700284412824,9.071239215609102
657,53.87160766104109,8.448668688194065,34.35606033810945,10.970396462955414
658,22.36492964188901,23.53073577542059,17.069599415025408,9.520765689130705
659,31.141200580615898,36.993042294385226,10.766391250751676,16.096462035115515
660,60.36863735774945,2.198481848756929,34.64942598465425,15.75787087488781
661,0.0,9.575661899208917,11.279359025731168,11.017319086036197
662,0.0,11.991725104343304,12.919245179985689,7.098488014618702
663,9.934624641789526,0.13759889483402432,10.714918979238819,10.907991262893917
664,25.903895674091068,11.331779368200069,14.045834845725732,14.958872983941623
665,0.0,12.063874325420405,15.011621894729824,11.468169192004554
666,0.0,21.402094789367357,17.028323525430146,11.991269612235666
667,35.79237202414591,22.074250283112008,20.429002763405286,8.619768917696108
668,3.5935383239547427,6.70790601640992,9.067595343530378,7.0289216809554524
669,6.881274198443584,7.0744217052526945,10.269672284381034,9.254104233898753
670,0.0,11.65004611438945,9.853636649124844,4.54093259095516
671,2.037473050553837,2.4888693064379313,6.284909067053282,5.71227478452769
672,25.442107151746036,2.7756932353058166,7.166731364790726,2.5833208548447884
673,0.0,0.0,9.294548060156695,2.706432479868043
674,0.0,1.717194658349244,13.899784653767743,1.7865921897268482
675,0.0,4.270221936323298,9.923348934045936,4.711301854021606
676,8.316145515121633,6.689603469486077,6.697067891960865,5.349595315768835
677,5.050258715020941,6.971516203710408,10.74845007826655,5.16714801137083
678,50.900309502670794,20.393690449185534,14.260320195801654,6.357299316150723
679,40.7591419032907,0.0,8.874704458576542,13.505295109101878
680,20.72625795867013,11.757004561648499,16.976092578892054,11.65142728285062
681,23.495127544253236,22.89929698618241,26.960557079861303,11.539791962549529
682,36.79689330954482,0.0,32.845391882859246,11.935450773558948
683,0.0,17.694700211700802,21.476010630853203,16.730125084630206
684,50.71631060669837,4.975457976323479,23.749181994985104,11.41361074756913
685,0.0,6.29289615526895,18.373944991461556,9.672471791755596
686,26.0318811048748,1.0471174646413566,14.526834545657618,10.059358397897325
687,31.503823033053763,8.30449284299556,11.464813861941527,15.269481508830001
688,16.28948779257416,34.09506737312285,6.685619901539158,13.334188875118663
689,16.55943091415821,0.0,21.717413723094676,10.886878940756556
690,26.64669401948894,0.0,23.826652051875012,10.930993548332559
691,0.0,0.0,11.533023239215552,7.978262164287365
692,17.715228208373198,27.27418286628101,15.491161588536311,13.009013437178453
693,11.231677633699011,4.838942650308417,14.293012611021402,7.810075627547148
694,10.331708907647718,6.82052657756628,13.475489268666701,7.701519605671452
695,20.326229170251324,3.583302353362562,13.877519149072723,7.279173155691762
696,14.617222530459912,3.8349988187115125,12.911493942591193,2.963389589382955
697,11.133639901835659,0.0,7.01292931947458,4.10093215714478
698,8.103700014617745,0.7313380129489089,9.183842705213838,1.8641579897573726
699,6.5258947861483,2.5422863277430343,6.774179137041266,3.288167738962242
700,2.771656319582977,3.4769499393786543,10.496691012507455,4.23763268362165
701,4.145578958487195,2.7972243620447492,9.62281521642769,6.759441988268746
702,52.73466051924132,10.072070603763702,25.819135066610407,8.43319789220676
703,16.525364774778428,4.647444333694216,19.429777395932554,16.119062457993646
704,0.7415781976287388,0.0,12.345291129237387,7.827852834775042
705,7.608857675323794,17.798696125227764,26.57638539834308,7.48523505003726
706,58.01112042091669,17.528721671488803,29.352969736439526,11.020277431226882
707,45.26819899493435,27.647614650340035,30.48860045740666,19.587940436901885
708,41.80987534696771,0.0,20.015599958060523,12.155015176663731
709,10.364618419623753,12.98918152584151,10.296317483706867,11.144484840374549
710,21.944454534697943,18.435767413876157,10.785883641314463,6.9441956815908386
711,2.9604464507698918,0.0,10.578796595845704,8.644976908616467
712,8.950021111005917,12.11007897818555,16.066177147746366,9.42332225006984
713,45.43907308227199,10.604800256275611,27.148699516852524,7.451889960125085
714,36.88439786465179,28.421506585682636,17.16229643652504,10.233960468047774
715,0.0,29.24496037012573,25.7269627016515,5.514344756779133
716,0.0,0.0,18.337030635684005,7.355608067825102
717,14.695753583889191,31.445343051551905,13.949255773962102,8.033051170775847
718,33.78494734563753,0.5934199519267329,8.287757153907968,5.836199829668493
719,0.0,11.884039765964555,16.198742943137283,6.475690202648481
